treat,x1,__00004K,__00004L,__00004M,__00004N,x4,x5,x6,x7,x90,x91,x92,x93,x94,x95,wgt
0,1,0,0,0,0,0,24,14,12,-.3318305070815203,-.3259693106805265,-.3786637072431674,-.4677763287458299,.010122324555429,.4832109573647643,2.376695251551488
0,0,0,0,0,1,0,20,10,7,-.1537947457143573,-.3504269278198117,.5096964034293401,.0585121400386641,-.2845616001119081,2.135751291829173,2.194813245120762
0,1,0,0,0,1,0,22,9,3,-.5376380549099941,-.0488320864727188,-1.016477717650417,.0506199371839661,.0367631823377978,-1.006329994601978,2.221812854302832
0,1,0,0,0,0,0,26,12,1,.5529533457517396,.5361485117647248,-.4942436990587402,-.1154701848426231,1.763023319050332,-.7165810727673128,1.770423239987843
0,1,0,0,0,0,1,20,12,3,-.4819936121806118,.6671940013686919,.3086273566577391,.5289750627213686,1.297628361949789,.5530740399985401,1.326725627531577
0,0,0,0,0,0,1,27,12,4,1.011745493545259,-1.191436692309151,-2.470090360749853,1.314056509506181,-.7948556931007728,.3911200680982878,2.080010418284531
0,1,0,0,0,0,0,27,12,12,-1.876212122457616,-1.12105239313767,.2255703758503265,.2136044031976889,.6384170613664542,-.7638614260496558,2.821425205265086
0,1,0,0,0,0,1,24,12,6,.4712469443346661,-.1423734174792328,1.753027257062759,1.543400893449965,-.4846704688344614,-2.264597832760491,1.485003774377323
0,1,0,0,0,0,1,21,12,6,.8886966318740222,-.0159875174131722,1.402291781635888,-.1996403829760462,.0496387549078963,.2306488509418644,2.307078245139347
0,1,0,0,0,0,0,30,15,12,-.6227392592323158,-2.081808915237708,-1.91156554235124,1.964004467849336,-.6955675690947007,.1822680867141535,2.228516181099236
1,1,0,0,0,0,1,26,12,8,-.1681615048715036,.4613245477680377,.7801714891105257,-.4688986389660811,-.3344388177083839,-.9460563984893492,1.624697405424984
0,0,0,0,0,0,1,20,12,3,-.3329190677258447,-.6175352734165698,.8130320510421708,.0097242405476144,.9777168443441673,.5891865065433707,2.586811865412187
0,1,0,0,0,0,0,34,14,9,-1.405478504355632,-1.506990557478356,.2807872514411283,2.235143774739775,.3515903342523218,.4737157626948221,.8812258577463863
0,1,0,0,0,0,1,21,8,8,-1.834604765321493,-.7784411958972402,-.6700728304814305,-.2152680821378881,-1.182868444212503,-.6823149981997235,2.262691947831488
0,0,0,0,0,0,1,23,12,11,.5883576397374243,.6016615132977602,.1891381895817675,-.3027436494058975,.3982183489857633,.3952171674282782,1.970008660283326
0,1,0,0,0,0,0,22,12,10,-.9827916917823246,1.294776228768055,-1.796902220551983,-.1090719869124913,.0917620148205135,-1.068351596216416,1.754551224455486
0,1,0,0,0,0,0,26,12,7,.8192051096875606,-.1775897098076151,.9911625664204601,.5590557862921606,.6507009363778509,-1.239532798409976,1.463507850329487
0,1,0,0,0,0,0,40,16,8,1.480980053186233,-.5454976136001096,.7283071720153735,-.1371015717469126,-.3833029234496185,-1.518019795787033,2.183774053707194
0,1,0,0,0,0,0,34,12,3,1.024443680002698,.5157194186983319,-2.055454684293979,-.4837688155353564,-1.045158367932922,-1.337587102792905,2.458584186850963
1,0,0,0,0,0,0,27,12,12,-.6978985701456936,.0007793410610102,1.319603011039568,-.9704345195580515,-.363549558344258,-.3596061019446648,2.550755450495791
0,1,0,0,0,0,0,33,12,9,.313127931464614,1.459048106515633,-1.608347803471984,-1.519716331003702,1.253445847468987,-.0111235499616789,2.006708267302407
0,1,0,0,0,0,1,27,14,9,.7960174979534277,-.6453541659775886,-.1529707102680482,-.970856914789864,.0776148828476322,.8708899814181661,2.378711694609843
0,1,0,0,0,0,1,25,12,11,.2991994168744249,1.806758250747305,2.116678466273827,-.1222443695624551,1.471779645625135,.1339437173676144,1.954723809636697
0,1,0,0,0,0,0,22,12,11,-.6711396732735673,-.1318591475162811,-1.504718959103316,.2966759407478247,-.8593395335267873,.1425962293833855,1.800723930413868
1,1,0,0,0,0,1,19,10,11,-.1312231512719559,-1.247875918248091,-2.019569044498219,-.7267297220243216,-.4289278358838541,-.6761616680691627,1.387829881918887
0,1,0,0,0,0,0,33,14,5,-.4218411701724095,-1.323368696716118,.6621956041249764,.622157456815845,-.6009239938174543,.4777492526288196,1.979355599190357
0,1,0,0,0,0,1,19,12,2,1.927958688032893,-.1452420664476098,-.1399099569787842,-.4176730446824659,-.5472908101904538,-.1937672187456821,1.969394623802698
0,1,0,0,0,0,0,36,17,9,-1.231614207389496,1.863107000589976,.3732813957147056,.1074353932259579,1.297885605224892,1.191213974974216,1.468362701869788
0,1,0,0,0,0,1,33,14,3,.7501553073743209,.4436592561245696,-.3072293692731014,.0480729599386401,.9496206980825681,.2156097617468351,1.816467037214294
0,0,0,0,0,0,1,26,12,10,-.7088095008977026,-.1020555979359077,-1.155965259572853,-1.077115347896048,-1.976837020590139,-1.251299577447828,2.007151112524005
0,0,0,0,0,0,0,19,9,2,-2.829121845335531,.2997438336779544,.2037496679449282,.1354848854613379,-1.978488561270627,.9666788853987551,2.137301585624755
0,0,0,0,0,0,0,32,16,10,-1.766809655759428,1.039502228142033,.3651341131436099,1.819695869674661,2.025666914390159,-.7257976907414308,2.483709032624962
0,0,0,0,0,0,0,28,15,3,-.0039673287253181,.3156048941446893,.7626433420971475,-.172994444478162,-.4084445152456493,.5003714881858905,2.094600437191199
0,1,0,0,0,0,1,31,16,5,.6002965542016445,.5094662046477377,.0984327569941606,-.6401458947756842,.1272150557488647,-1.357207800186304,1.707921415975665
0,1,0,0,0,0,1,37,13,9,-.4915674042135081,1.774083191429805,-1.266040489049257,-1.165452666914734,.3983516371519973,-.5246837457091869,1.867618799003413
0,0,0,0,0,0,1,17,10,3,-.050453212984038,.3419373780902285,-1.12833601956164,.9826378227004197,.3219832583522323,.0004530948724478,2.053437808266846
0,1,0,0,0,1,0,30,12,2,-.1065511043404363,-.4759334754090437,.8787230632882639,-.5206476413243286,1.674535024966704,-.1424268727897052,2.435423788556626
0,1,0,0,0,0,0,30,12,5,.1868628573005702,.2974217959053047,.4910064347437403,.7414397487022948,.2345240499000645,-.2666948920559549,1.744945802039209
0,1,0,0,0,0,0,21,14,2,-.5793493861148148,.787664360711233,-1.42442988778828,-.9735644219158174,.6914869555544416,.6847246001468015,1.829437133173006
0,1,0,0,0,0,1,29,17,2,-1.447154933401084,-.8571225750165161,-.1527719324628412,1.199306399929467,-.6675125741944304,1.570693875145777,1.994278715681059
0,1,0,0,0,0,1,30,12,2,-.6229280521258576,-.0244421624241524,-2.276297368772637,.4012820994053561,-.6139160377512187,.4836693582159795,2.086353175948287
0,1,0,0,0,0,0,27,17,9,1.394001914911515,-.9015997983698525,.3820028434242128,2.455466984790866,.9619466846374143,1.161524520623874,2.02332066012406
1,0,0,0,0,0,1,18,10,6,-.2468714738330379,-.4231216775564602,.3414381667004148,-.3253762278617275,-.0538094363973002,-.0039820551165617,2.023793949636108
0,1,0,0,0,0,0,35,14,9,-.8772203374960017,-1.552204847493802,.0610292861938162,.370245765754633,-.9207689969612621,.990039863402157,2.010023642081449
0,1,0,0,0,0,0,35,16,2,-.1871937252796836,-.5183938141719732,.810051475334465,-.1248908675662795,-.4647427588805647,.7600644830441099,2.404774537338341
0,0,0,0,0,0,1,16,9,3,-.5298275973023418,.9825100969973103,-1.403336900885269,.3022666078996229,.0518344318921694,-.4690106409993073,1.856585170591804
1,0,0,0,0,0,0,25,12,11,-1.09788900941417,.3833536292189591,.6395166490240499,.8790259948581537,-.3614340807967425,-1.137686939026549,2.585481483067504
0,1,0,0,0,0,1,27,16,9,-1.062354046931751,-.2964205530448076,-1.249948734597746,.8157989073487366,-1.768333196132406,.7262745439984439,2.282727330799047
1,0,0,0,0,0,1,19,12,1,.8495976736638116,-.4715937586937899,.7441394785086445,-.4449344612408315,-.6201260189427379,.0245017142287211,.8767223232125734
0,1,0,0,0,0,1,21,12,2,1.63788119363137,.1114725578870457,1.578034579414197,-1.486318758514771,.6123481836277998,-1.274573230765112,1.891781609968677
0,0,0,0,0,0,1,19,12,8,.2719141023526799,-1.700164621858949,-.1388076712159065,.6139238464323361,-.1500961032819656,.0371675618095954,2.623238336421595
1,1,0,0,0,0,0,34,10,12,-.4339253686367572,.8944570963379294,-.2478207109797647,1.075188912248652,1.142869851034404,-.7703817846382483,2.028546562438344
0,1,0,0,0,0,1,28,14,3,-.8894302230231761,-.2790176416768673,.6793661412322118,.4173912598989864,-.0353229791104994,-.479189018912168,2.912302514707413
0,1,0,0,0,0,0,26,12,8,-.6112279851094767,-1.793320707849348,1.103897941708685,-.2068380633089249,.4287988659962479,.3482217041896905,2.371454029771602
0,1,0,0,0,0,1,28,15,10,.0622529716421007,-.2464743392952118,-2.902147934948734,.6904881342678929,1.766681874276031,.3697219675437542,1.933854997090749
0,1,0,0,0,0,0,29,16,5,-.8921999991098041,-1.105606950392103,2.068149652820439,.8028724633535809,-.6731146547218333,-.9939160063226902,1.931016307344912
0,1,0,0,0,0,0,30,17,3,1.583708372848079,.5404094485588756,.7932893251279547,1.70223914455623,.9937504246305962,.6054926715992695,2.83321825923053
0,1,0,0,0,0,0,27,12,4,-.0868970006506894,-1.26060555294327,1.63169220571598,1.114879200137492,-.1992193317327725,-.4394946520749232,1.354614887935746
0,1,0,0,0,0,0,32,17,2,.5934658015977877,-1.996141696594087,-.0184390994075439,2.766950946072684,1.158300276041752,-2.340237002985675,1.932676341901885
1,0,0,0,0,0,1,24,12,7,1.105229413354807,1.386477042704184,-.7135312664820268,1.022771011835506,-.4666573179715222,-.8116409335016246,2.646874906780171
0,1,0,0,0,1,1,31,12,9,1.830201200907413,1.413559824111307,.4691368451580956,-.726883117393764,.0312042145942317,.3921743948065796,1.636579184993734
0,0,0,0,0,0,1,19,11,5,-1.076829821133045,-.266275773639739,1.070664217468095,1.211585597196222,-.2807798436029592,-1.101720534689387,2.001067029500831
0,1,0,0,0,0,0,24,12,7,-.56311856150094,-.2158414383159331,-.7050773881351067,.4513800782721988,.5074951769725314,.1319367817586845,2.328103863068601
0,1,0,0,0,0,1,23,12,1,-.0811417511732183,-1.301375723358061,-.6122071712205307,-.3913441990426099,-.3818117270412605,-1.418347899897763,2.370496657037863
0,1,0,0,0,0,0,36,12,8,.7397861406431037,1.934134995591837,-.7551457784990544,.6721287899534125,-.432322201481891,1.458831254315229,2.653180056342131
0,1,0,0,0,0,0,23,12,7,-.5968512692439097,.313809009972293,.6332443233822596,.015001229612155,.5325688306337884,.9136778233379314,1.906970000231764
0,1,0,0,0,0,0,23,14,11,.1726699485506882,1.025826323333895,.2657878205837466,.4186667280634955,1.325739538616122,-.6526035864496638,1.964073872188746
0,1,0,0,0,0,0,40,8,4,-1.332805882262638,.7995713403530033,.4270802166476028,.4106975482466525,.5564735634081762,-1.004903876210236,1.56330509942553
0,1,0,0,0,1,0,30,17,9,-.356615275574122,-1.404407232594121,.4488039811662689,-.9265984120558268,.7193167242399466,-.5098205381599205,2.02450089437386
0,1,0,0,0,0,1,28,12,11,1.030827212608439,-1.426613339083878,.095518570458964,.3976707824989975,-.7171072921723727,-.5279633051749034,2.456540920686969
0,1,0,0,0,0,0,28,12,12,-.2407121558303794,.8558304608236945,.4131555606311407,-.2475483631337538,-.2726063456556946,.8313469890480495,1.986590080115445
0,0,0,0,0,0,1,21,11,7,.3414885767895792,-.0252773277132122,2.710930108046495,-.5380928394628119,1.18106990682914,.307091934563461,2.10773104225114
0,1,0,0,0,0,0,23,12,8,-.8061625913762618,-.62801921288333,-.2534981613862879,-1.035234786867388,.3166056826894272,-.2752504283006616,1.210378291380453
0,1,0,0,0,0,1,25,14,3,.2874437034148268,.2479774700274427,-.0798889764958734,-.1470795048333831,.6827730454116089,.1861443693649254,1.602255738749764
0,1,0,0,0,0,0,35,16,12,-.7457858093350951,-1.725637550234908,.0136906832787392,.4448008582150922,2.426598369845611,.2567311634478101,1.787844522827458
0,0,0,0,0,0,0,21,14,5,-.604847061706514,-.6807558995007397,-.5555669987414234,.749356254787108,.2376155091059119,-.1644500873872347,2.280106819674313
0,1,0,0,0,1,0,36,12,5,-.6453795740130599,-2.657847770609273,1.431493737822341,-1.428166859918337,2.279284731657633,-.1271183107428165,1.681577889892717
0,0,0,0,0,0,1,18,11,3,.8887588484928694,1.036184880463895,1.448960075510722,-.6945660113590545,-.2812631496365444,-.3335292773571922,1.530801278286124
0,0,0,0,0,0,0,19,11,8,-1.156504397428667,-.1741613816678457,-1.2952420386648,.1350252899935867,-.4282385795308745,1.204087072491927,2.069434471344705
0,0,0,0,0,0,1,16,10,6,-.9799397336929834,.5552891314531269,.0564000582336297,.2588208347963621,-1.535563940760416,-1.073622506619916,1.884560825743604
1,1,0,0,0,0,0,31,16,11,1.076079274015367,1.199484476839119,-1.469265456281971,-.0760971679416985,-1.540556695787117,-.3573666435951655,2.37482504965528
0,1,0,0,0,0,1,21,12,4,2.183342703318643,1.302838996236805,.4679012272236023,.7312046964173115,1.230766218491912,1.171337533998527,2.51671565446072
0,1,0,0,0,0,1,26,12,7,-.8408064687675405,-.0086554608055021,1.421838184307145,-.170802772386153,-.5047885030605211,-.3309495983586822,1.972456310748101
1,1,0,0,0,0,1,24,13,9,-.593337999976185,-1.082699859272886,2.664909151316715,.3395554091615509,.7365453279095175,-.0842348695392555,2.42999798266343
0,1,0,0,0,0,0,33,12,6,-.969532451449666,-.5357944572852699,-.2158137720586081,1.054862898429988,1.080914797426739,1.288712187129827,2.528785101400133
1,0,0,0,0,0,0,25,12,7,-1.196835559549151,-.1460904776979541,.7784967654318244,-2.300776112025905,.4409063298977872,-1.131113297107694,1.962735173268197
0,0,0,0,0,0,1,16,11,5,1.454046238244798,-1.021491055733224,-1.857041153569892,.3098395518830192,-2.120134399411445,-.5464905708303788,2.439993232649197
0,1,0,0,0,0,0,41,12,5,.5579877882467292,.849438993340863,.8844128705374558,-.1895569174900501,1.434874321772258,.2457406586157388,2.124921811832778
0,1,0,0,0,0,1,23,14,7,-.0553826930624531,.9844372858263255,.056975760629338,.3708484473383266,.2569383051632466,.1495505912700392,1.650602790520344
0,1,0,0,0,0,0,29,16,9,.6147725668809834,-.7632526950438311,-1.195005355351246,.0345370477803975,.4918580041117383,-1.607843708381384,2.594685903844633
0,0,0,0,0,0,1,24,12,1,1.954035793960837,-.4804883829624344,-1.998074713110125,.5248646547458927,.3829502010974502,1.056122859173031,1.641199165124659
0,1,0,0,0,0,0,34,14,6,-.196676562972964,-.9078499483308898,-.3800328097322102,-.2095995504725521,-.7108751248352442,-.1241295320131955,1.559174355554692
0,1,0,0,0,0,0,29,12,1,-1.107623360300002,.3972812558503937,.4832722349149587,-1.788212497593833,-.0498711610564863,-.3035597861619383,2.10396155279311
1,1,0,0,0,0,0,33,12,3,-.4261761611145338,.239900343354104,-.6288617291937924,1.133818646082603,.0371685924954297,-1.477269410562492,1.211063066435083
0,0,0,0,0,0,1,19,12,7,-.9696536127290768,1.067187382769271,-.0366352995959784,.5608818752220871,2.098002421658979,.5898370988155921,2.605055899901437
1,0,0,0,0,0,0,19,11,2,.1119492541380117,-.8028858182397141,-.6114086980818122,-.2397779091758382,-.9579065843033783,-.0403985248533422,2.572755656220758
0,0,0,0,0,0,1,23,13,9,.7326312083963973,.9044199871901051,-.950405968790339,-1.810495610950048,-.2467381616222721,-.735399156698743,1.990285425626522
0,0,0,1,0,1,0,31,10,8,1.257104451753895,-.2583571609791949,.3408971488651129,-.2256995414007899,.9013927577826766,-.892368846352637,1.867450453731006
1,1,0,0,0,0,0,31,12,8,-1.180413199115006,-1.295846008836757,-.253711242669873,.4232710141101301,1.353697213217886,-.2701421714249263,1.74062118944294
0,1,0,0,0,0,0,34,16,9,.2987904596675741,1.169861860322088,-2.390010063615426,1.0848823135986,-.5485849782956673,-2.092643521187768,1.311254847860006
0,1,0,0,0,0,0,33,16,8,.824492393674591,-.9879656043701245,.1970948908151136,-1.146898335261999,.2291803869932478,-1.705317998750136,1.401742975122882
1,0,0,0,0,0,0,28,13,4,-.9779260456283452,.0958449667977976,.6215828277087991,-.8670061814238941,-.9803745038150086,-.8592204479923649,1.809566229864977
0,0,0,0,0,0,1,19,12,4,-.3352034096128012,-.2750419736358951,-.5113217196022266,.4400116099302944,1.476183284757389,1.384913687146062,1.719866405951514
0,1,0,0,0,0,1,29,17,8,.0773857099868931,.593227006069289,-.3145301318972126,.2894260856326874,-.3258468626936455,.2075964101504803,2.252200796446918
0,1,0,0,0,0,1,34,16,12,-.1867508899840681,1.418062465645654,1.901873305608473,-.9789463554038458,-.8915922789829766,-.8651499643815637,2.149438384022954
1,0,0,0,0,0,0,18,10,5,.1483212841940652,-.1615488664557394,-1.002989475038288,.3276125431326994,.8090440669666819,.6962750249369165,1.956058340347772
0,1,0,0,0,0,0,40,9,9,-1.534682195851048,.7442450304778854,-.2166275295664001,1.33439123769274,.3373943828218732,-.2104734535370071,1.570259541728943
0,1,0,0,0,0,0,27,15,8,-.5768399969915535,-.8597188468885423,-.8242056067796392,.5965188047842781,-.4493244771950585,.6525275462275157,1.352080649661243
0,1,0,0,0,0,0,36,13,6,-1.316604203007234,-1.021004879509279,-.0355234368175825,-1.098805278705744,-2.230094453448631,.8927050209817063,1.663682759393574
0,1,0,0,0,0,0,29,17,6,1.740784497436218,1.17429047294578,.6958392601272755,.2182985880522581,.062357021141603,1.348526812511079,2.419729767926157
0,0,0,0,0,0,1,31,12,9,-.8717829320743363,.1081802818674075,.3309937793962161,-.6648590195911956,-.1419419946884345,1.025810839059217,1.732572559271252
0,0,0,1,0,0,0,17,8,7,.3970945605025704,1.392613694514015,.3713743430182165,-.9010284941007867,1.34399418796087,-.0721027969989005,1.72824690316023
0,1,0,0,0,0,0,22,12,7,-.3809836221558529,-.5034342361118874,.1706796451942742,.6327059978734533,1.143807932332954,-.0014112477259247,2.177687937912747
0,0,0,0,0,0,0,29,12,9,-.199627556725836,.4484270183299349,-.3118582275907414,-1.582269150179839,1.190289977973845,1.144853796615882,1.925848375349604
0,1,0,0,0,0,1,28,16,1,-.0349436054141904,-1.769106531175641,-.3435723842852346,3.253041357462713,-.0444148940873373,-.2625846440198696,3.095795925959901
0,1,0,0,0,0,1,26,16,9,.4701679823258508,-.3219398914229791,.3327773710353992,-.4040352049959333,.2390290714237807,-.176203992009184,1.553026972026667
0,0,0,1,0,0,1,22,12,3,1.448575451756823,.6362636356996929,-.9747036802100484,.6128716296884964,-.5471332224521761,-1.791634551954961,2.049447639169815
0,1,0,0,0,0,1,28,16,10,1.276055220465219,-.301268526628789,-.3688659890262448,-.1965895303417757,-.3313372297437826,-.5472499032079876,1.907544557638141
0,1,0,0,0,0,1,24,16,9,-.2913038931017284,1.772156226126805,-1.543681413561773,.7059398492030105,-.1089218951265744,1.836448421856602,2.222003178541748
0,1,0,0,0,0,1,27,14,8,.4873664002458048,.3847244575434273,-.8914431585643113,.7862104197832179,-.2727149150515864,.6851208898520826,1.469633818596292
1,0,0,0,0,0,1,18,11,6,-.0932668523018168,2.454612071699049,-.3806652710870709,.3515061239184169,.7438001869703125,-.1052167342140017,1.386586598855744
0,1,0,0,0,0,1,30,16,3,-.9425066283643154,.169926712804889,-.0076266248877665,-.6216063180387379,-.5941962752260211,.7762198142216389,1.545144770979393
0,1,0,0,0,0,0,28,12,12,.9689170251058565,-1.072501924857714,-.7211193864816262,-2.184565309211662,1.175952166863174,-1.554800288518111,2.226741889379871
0,1,0,0,0,0,1,27,14,8,-.0601964934764908,.0055364602311829,-1.129374359200138,.4754459387603107,.7185938465042302,1.572728762735349,2.135258248944989
0,1,0,0,0,0,0,28,16,10,-.0522459237699022,-.2843463213231735,.1216675753082979,3.777972012344291,.2375188207607765,-.4958400557562389,2.190062604677316
0,1,0,0,0,0,1,20,12,4,.630979380585152,.7298108305596722,-.9225712383911485,-1.074331581667224,.0225073711373047,.3998672170862418,2.049524465939554
0,1,0,0,0,0,0,32,12,10,.6922885017906926,-.7024535798464342,1.177599123251322,-.2815266863302655,1.534008355256748,.9621547384954147,2.208586376446854
0,1,0,0,0,0,1,25,16,3,-1.880944628129379,-.2203154769139502,.2414374692110811,-.3561248175525233,-.1953587093985417,.6777851012566517,2.018541652717725
0,0,0,0,0,0,0,25,13,9,-.7784461718538129,.0447556478940623,1.89086894303904,-.0933181956987185,-1.466937379578887,-.4688254351945842,1.926340777762531
0,1,0,0,0,0,1,23,12,7,-.989061234871231,.7845203691412048,1.628691290426173,-.1725913750259025,1.421416969017374,.0126106644719526,1.568156334898984
0,1,0,0,0,0,1,26,17,5,-.7420772930709008,-1.211307456708286,-.7980727462884595,-.0800265920928748,-.7648984617641087,.3688823413980467,1.840017531170143
0,0,0,0,0,0,1,17,10,12,1.45808622683023,-1.388028343411303,-.3625103179999143,.1657236566847705,.5364737098847429,-.0321015770970433,2.170883482991779
1,1,0,0,0,0,1,27,12,9,-.7948504634642599,-1.023749128821842,.2514576806280131,-1.411790939922171,.6011284644936512,-.2565926259492615,2.38776200537042
0,1,0,0,0,0,0,26,14,6,.5509560008315948,1.999807619507191,1.432522083577148,.8340701289104365,-.2911420875677035,-1.116775935437609,1.467345327027233
0,1,0,0,0,0,0,31,12,1,1.583870643515833,-.1404346572791265,-1.184845657912253,.031389934342669,-1.064035047746284,1.439551854765904,2.173769255777171
0,1,0,0,0,0,1,28,12,10,.7669066310863998,-.0792736038653129,-.9770505586468498,.5457331549583557,-.1895357023669457,-1.846150521135518,2.154221706845324
0,1,0,0,0,1,1,19,11,3,-.2907785315821347,-.1110026528222215,.110163876452965,-.133033499638185,-.9145752788690637,.0411231822757467,2.187114745295412
1,0,0,0,0,0,1,36,16,1,-.2531393201656376,-1.265387305080211,.3009116595036624,-.8604001246915024,-2.988026497187406,-1.561292774599532,1.76748475437434
0,1,0,0,0,0,0,35,17,10,-.9150178648777919,.1998828173374673,-.3099609516453225,.2751860356810516,.0965618749395902,1.936627387329181,1.732588900210941
1,0,0,0,0,0,0,26,12,4,1.969029063653111,.4381883547863051,.6608747243612846,-.2487072147935871,-1.770672250121834,-.2910986829826987,1.85266040453629
0,1,0,0,0,0,1,30,16,11,-.2927832778055911,.7480450433934022,-.285642953204191,.8300846144810263,-1.805981605549106,-.909059406830791,2.171844088487363
0,1,0,0,0,0,0,29,16,9,-2.309576258619861,1.211672117932656,-.0104809851554331,.6255472371627153,-.3610428636969298,.4476541055272856,2.739538487943767
1,0,0,0,0,0,0,31,9,7,.9131345137188281,.0658527114945878,-.5956931535729789,-.0982333153874026,.3359795136200704,.1659066217819667,2.137802242279304
1,0,0,1,0,0,0,21,12,9,1.930208955419819,-.5834503223618844,1.474368979435029,.2403642988760951,-1.079368202961164,-.6260373790491903,2.054662759656033
0,1,0,0,0,0,0,22,12,6,.361045947822032,-1.546874608810025,.400708983148303,-.4479111085252321,1.397184053028185,.6870365479910839,3.025792234478407
0,0,0,0,0,0,1,14,8,12,-2.880828627853558,1.692285018136132,-.2036093346364659,-.4887067473015158,-.6084416120196038,1.594274504394701,1.937782227803968
0,1,0,0,0,0,1,30,17,1,-.3453067937177139,-1.134720519959902,.867331334183257,.2756090105762515,-1.46911561856122,-.2327545530288832,2.310942664780262
0,1,0,0,0,0,1,26,12,9,.3988886289874431,-1.56733443642268,.315934353204738,-1.128648154581919,.0787335661903712,-1.210860538580487,1.438684388314074
1,1,0,0,0,0,0,19,10,1,.2001575995729494,.1236475423406995,-1.152031210569653,-1.055451545423141,.4545721355652973,-.0351415065264078,2.049472326980563
0,1,0,0,0,0,1,36,12,12,-.0125864651813571,.1407217048385195,-.1730656404370501,.8118438831103365,-1.147422599016325,.474840852313989,1.645681697074675
0,1,0,0,0,0,0,32,16,4,2.37992969438269,1.728740727743041,-.7791667726082385,-.6797670096394018,.9801041117549436,-1.036482755969639,1.435584618551597
0,0,0,0,0,0,1,16,9,2,2.127679315807534,.0715635620690218,.0613194257292536,.2066449008104113,-.2748711571334903,-.4521628391724182,2.041074208775157
0,0,0,0,0,0,1,18,12,2,-1.075752392911323,.960806868485225,-.7687883846632327,-2.222519340336402,-.3614538471527521,.3537932116211937,1.67791272792945
0,1,0,0,0,0,0,29,12,6,.3964831626011302,.7694791347842538,-.3495424441655637,.5782713580415148,1.650726394401337,.2490139151526309,1.926811120517294
1,1,0,0,0,0,0,23,10,6,-.2093159835611207,.4564452194980579,2.760356956989051,.7067833157465604,-1.218431889933931,.2597104991580765,2.020749606358825
0,1,0,0,0,0,1,25,14,6,.0377220242044556,.7136808669027472,-.8375657687574417,-.0183558245845361,1.172399296354024,-.8816431209223105,1.597160294814999
0,1,0,0,0,0,1,23,15,1,-.9489001357091427,.7035552813835599,.8534285605282252,-1.059500919463937,1.018936359420435,.479272958738413,1.627388711860756
0,0,0,0,0,0,1,23,12,3,.5340851996822811,-.435750761656326,.3229151067235517,.4830884311428781,-1.375780366182474,1.567563064441559,1.478479540021536
0,1,0,0,0,0,0,25,12,7,.6804167721756629,-1.816153650416671,.2587702339037574,-.6229365552248468,-.9379541088192184,-2.284156144972565,2.027997033588772
0,1,0,0,0,0,0,29,12,1,.5535928525860836,-.667043635668752,-.1447415983859055,-.0497060562044681,1.215857269071984,.562785385515477,2.155843736454277
0,0,0,0,0,0,1,19,12,4,1.040818510566947,.9813079949959799,.2031820132193479,.6763179761604491,.2252510447974815,-.9546557352607661,1.919712198162922
0,1,0,0,0,0,1,30,16,9,-.0511811476347967,2.170624221319071,-.3992454588418666,-.9510553041356612,.9856975452929303,.0505654855350625,1.258951265490694
0,0,0,0,0,0,1,15,10,11,.53292957870614,1.127600695961043,.2157094972945273,-.9483198483642895,1.132425186251922,-1.54662382525894,1.641278836157096
0,1,0,0,0,0,0,22,12,5,-.3653931525158503,1.481756092141958,-.666245529431482,.0933756560249639,-.4845987411444749,.5175497553176952,2.266660955053983
0,1,0,0,0,0,1,27,16,6,1.707780738443276,.0271260651856473,.4590969714052676,-1.278114179068054,.3244047171104282,-.1599547928477196,1.899110048308863
0,1,0,0,0,0,1,26,12,6,-.2812735519288978,-.6330464360778081,.7300317089031099,-.8253859817715157,.8684007270973455,-.2655238005431254,1.879293698470929
0,1,0,0,0,0,0,35,12,5,-.4770009972089678,-1.595758182032309,1.074000139205026,-1.277183451917888,1.294387011730281,-.9947846596194815,1.921245021080694
0,1,0,0,0,0,1,26,14,3,1.142532904408389,-1.58929054740395,1.157888970681525,-.6540892133893472,-.5213675880675018,-1.32204780538937,1.883246937763939
0,0,0,0,0,0,0,23,9,1,-1.926895656236371,-.4051592788030174,.0334083102205517,-.3719481291506452,-.7704725166929584,.0475429586058701,2.626387162286052
0,1,0,0,0,0,0,26,12,7,.4978569453615476,-1.291253317661168,1.11307712305484,.629355582971346,-.0569387971435667,-.4798838296337928,2.182609279305017
0,1,0,0,0,0,1,23,17,12,-.8354934929123756,.3418097945805875,-1.812002304251423,.8542092750051118,-1.115598692225498,.0645643737330641,2.64771901738107
0,1,0,0,0,0,1,22,12,12,-.3512273835455456,.6529780166829301,1.770691281339443,.3251673973316608,-.2067200002770925,1.325473875261396,2.117054877757727
1,1,0,0,0,0,0,30,9,11,.0655677369597544,.2508398371994995,.1042236734682632,-.1206888121660714,-.4910685085753781,.2274999316772268,1.898891780125844
0,1,0,0,0,0,0,31,12,4,1.475467577308481,1.854031928460105,-.1200975925989901,.3336900273173764,.3762422359581676,-.1976637118714558,2.470838004328254
1,1,0,0,0,0,1,26,12,6,.7400267644058624,.7249132367813318,.374859832718822,-.1165137330623294,.2304827480603765,2.027271910707494,1.771515250216618
0,1,0,0,0,0,1,29,12,1,-.3404957791606514,-1.793668836248192,.7402846529434162,-.9023591702616099,.3542333711329035,.6237817940776008,2.29461513217823
0,0,0,0,0,0,1,21,14,9,2.826995122549564,-1.283558936225178,-.6503114945279019,.4516897541469346,-.1658705443889138,-.7037043622405728,1.917964182983492
0,0,0,0,0,0,1,14,7,6,1.098305374207095,-.4750566211785341,-1.245180900362081,-.1986752706950654,-.0390113986270245,-.5346517709129393,2.147965620213928
0,0,0,0,0,0,0,27,12,2,-.2141853696409967,-.1672440554928841,1.118987313105602,-.0016539950969301,-1.640932430176032,-.4607173032494425,1.279496234619352
1,1,0,0,0,0,0,25,12,11,2.260480371847971,.9385112629676218,.7550689012850173,-.4563003164199128,2.005112792624369,-1.240304220993504,2.102935524985862
0,1,0,0,0,0,0,37,16,12,-1.023930319473546,.69852307676523,.9208515377073093,.7011641494856921,1.535495782932913,-.2541180937049964,2.231437193619709
0,1,0,0,0,0,0,24,12,5,1.432395534561276,-.1102956142090933,1.248643054082914,.7469352104674285,.7588978999085287,-2.801476334720891,2.433352869390792
0,1,0,0,0,0,0,27,15,4,-2.048442070752652,1.040304156282109,1.022282866157428,1.655490541134908,.3705439360956505,-.3337161021630647,1.95349881056014
0,0,0,0,0,0,1,20,14,4,-1.096011443183448,.882175369550268,.3130011578801425,.319446927983587,2.280184513858647,-.7449113354664558,1.251218352635554
1,1,0,0,0,0,1,24,13,7,-.6471833506285609,.109045932624176,1.343646149369328,.4343292595737165,-1.132392000746342,-.2447324814617528,1.674944957459257
0,1,0,0,0,0,1,25,13,7,-1.941205751737305,-.7638272256290525,-2.494975256142036,-1.55051630602237,-1.210062408377416,.7403729169487432,1.827101616689774
0,1,0,0,0,0,1,22,12,4,-.0841822026039251,-.5876061969665681,-1.380678643128343,1.34410426202692,.1998781664613446,-2.857972975535782,2.501457008238828
0,0,0,0,0,0,0,25,13,2,-.0785693616715137,-.4884852323574918,.7149058163987534,.0547590388671386,.2724257605509578,.2510307242361485,1.932056118595291
0,1,0,0,0,0,0,29,12,4,-.5189148822372854,-.4260731380252058,1.429979906223493,.888207531535451,-1.240145471074119,-.5220016881212442,2.126690570377796
0,1,0,0,0,0,0,35,15,9,.5748445969959499,.5493176865273122,.0173390261347737,.1256585185213996,-.4441114813342802,2.054600407074296,2.055109665324379
0,1,0,0,0,0,0,32,12,4,1.328611889439519,.709262934391304,-1.579003296119853,.9676752433466968,1.826775138610322,-1.157560340206262,2.197617928336374
0,0,0,0,0,0,0,18,12,4,.1218834472251622,1.415251099940804,.7253043366913515,-.3628955168661334,-.090989494670072,1.286443787237108,1.37206199016899
0,0,0,0,0,0,1,17,10,10,-1.110086292843847,1.021091353303911,.2027985468311261,2.221965028595119,1.059393408729958,-.8430734406983724,2.394754502059487
0,1,0,0,0,0,0,32,12,5,.237061769004762,-.5556101589200987,-1.360245706886235,1.56937884060513,-.2194533183368389,-.2157791885509176,1.780966723134063
0,1,0,0,0,0,0,29,13,10,-1.227524838838222,-.0517642356340449,-1.417647601146815,-.6628308255105098,.0894183716390557,1.029812445909005,1.516998579092182
1,1,0,0,0,0,0,22,10,10,.621857187026216,-.0143118431625403,.4422498094925298,.1661716495734823,.7581898817345883,-1.323929020491959,2.235175499655024
0,1,0,1,0,0,1,29,12,12,.6553674078830925,.4603518738792618,-.0232068185106667,.1616224968593755,-.5916646312692457,-1.930839347168929,1.824371625062074
0,1,0,0,0,0,0,33,17,12,1.8272180315386,-.3139887902611032,.4100498804365299,.8988165246624726,-1.560169631835271,-.055359997281532,2.080091209808488
0,1,0,0,0,0,0,31,16,4,-1.571468809459515,-1.33937897685764,-.3966241331168395,-.670158649687898,1.24834783325675,.7795370783039397,1.333527431702268
0,0,0,0,0,0,0,24,11,11,-.1853798010936371,-1.522127925620826,-.3369613170495506,-.3413795769535089,.1372607993062554,.6738174632485052,1.502343675831815
1,1,0,0,0,0,0,26,12,1,.5529598318725781,1.163256430956313,-.0253094441549964,-2.150178398212208,-1.098704827764803,.4528377508407753,2.252280547085492
1,1,0,0,0,0,0,32,16,8,-1.375619619864094,-.446259451744278,.302971515295767,-.7939303849504196,-.8683700314700644,-.1515512323704947,1.995483369278329
0,0,0,0,0,0,1,14,9,5,.4901964732245973,-1.866260846087409,-.2480682486096009,.2295575414551672,.4019409839900146,-.1947480357536849,2.033030447910524
0,1,0,0,0,0,1,23,12,4,1.100529728798557,-.5941758384344702,.2928055656396872,1.329870202207938,1.764588428135742,1.058592482473435,2.223320072291507
0,1,0,0,0,0,1,31,16,10,-1.108299438087626,1.017192048539026,1.615241868310895,-.2582994628805068,-.1743566512592522,1.739581958891647,2.444808065266207
0,0,0,0,0,0,1,15,9,10,-.0054884263937033,-.6709644438006295,-1.407411878321808,1.638772055124765,.3580551217438761,.1685889252259499,2.198134164741911
0,1,0,0,0,0,0,36,14,11,1.487255602581977,-.7895025301730776,-.8213128800885231,.0343685639646849,.8692079129633844,-1.677247010548658,2.10693992899242
0,1,0,0,0,0,0,30,9,10,.6130880179019638,-.1722176974138423,-1.106743262902156,.0863718028494782,-1.469845187415953,-1.86333988769638,1.44454721222153
0,1,0,0,0,0,1,29,17,3,.6939443257724673,-1.15819208745815,.631736542964912,1.25782058714315,-2.307394842112943,.4016344810945741,1.846585230641423
1,1,0,0,0,0,0,33,12,3,-.0976874779692977,-.6917384590182333,-1.362450039136989,-.6533446455833819,.7881849507667569,1.667359013775795,1.181430871921779
0,1,0,0,0,0,0,34,12,7,-.6394268324700383,.8728547903081373,-.6622808729518934,1.666525361100601,.1421885516500667,-.9017366124797324,1.67482214302332
0,1,0,1,0,0,0,25,14,12,1.467777414405583,.790464114797705,-.3176075186789211,1.217257092582412,.5020538923380125,-2.71753661939881,1.955561040497127
1,0,0,0,0,0,0,23,12,3,1.646186374809239,-1.079730646224358,-1.225307309356067,.1138696466118418,.3899591410346847,.6982277277985972,2.085933325280614
0,0,0,0,0,0,1,19,8,6,-.1487414945434709,-.5223349656196533,-2.132598349156086,-1.391967650257446,2.794879069287226,.108078798580692,1.707291323478527
0,1,0,0,0,0,0,25,12,8,.1484954395342375,-.9695747789538325,.8848740315484924,.6402196039064013,-.1206544979631279,.1830573788294085,2.313564465763855
1,1,0,0,0,0,1,18,8,8,-.149620027627227,-1.197206648771646,-.437547386409973,-1.296686105464962,-.5019327696711393,.2881724229583193,2.050239529762775
0,1,0,0,0,0,0,29,16,10,.661891838780805,-1.914982981594312,.0018996145606404,.4112232174468554,-.5468118803403621,.1282840954017565,1.598615624603259
0,1,0,0,0,0,1,25,16,1,.338119252292285,-.9265431181378748,-1.657936489720931,1.194623099325351,-.9642755463850161,1.427467184811154,1.843992993381318
0,0,0,0,0,0,0,21,9,9,.8761428058167088,.3689565087842344,.4316030262576331,1.169955871354139,.803257341490958,.2668485335424418,2.702612488243687
0,1,0,0,0,0,1,24,12,3,-1.042297030547613,-2.841322890283056,.3395859739590456,-.7611542340803543,2.236680251608967,-.3858577771641193,2.276257760384589
1,0,0,0,0,0,0,25,12,3,.9643890558149447,-.9853457085058514,-.8212900815610937,-.3187438485440159,-1.470043542727916,-.3790710014213123,1.243254997482758
0,0,0,0,0,0,1,16,10,8,1.160982240970311,.2084919839208076,2.543837401883792,-.5399133900692531,1.713596005728469,-.6323407328930374,2.362808465092583
0,1,0,0,0,0,0,28,17,7,-4.107367744029776,.7909644383615899,.5536283431739444,-.2606277311023643,1.421433392192945,.588897953798835,1.747257423665743
0,1,0,0,0,0,1,23,12,10,1.047874953647473,.4026888033496946,-.9128753510813842,-.601589046161747,1.356167455988694,1.831390685892423,1.32518708031308
0,1,0,0,0,0,0,34,15,8,-.3520300727645487,-.8729743849854244,1.758990911414451,2.415038592493991,-.4552894920679841,.5555025306192668,1.363854532109
0,1,0,0,0,0,0,30,17,9,.2719309742421094,-.2691999514480366,-.3517203484408633,-.3664651644214744,-.3588062113596986,1.210807034828831,2.642827982067353
0,1,0,0,0,0,0,34,16,9,.49884314972799,-1.108552435369003,-.8014040186126221,-.027143436340999,.340857570104658,-.0313775369986014,1.904399467641763
0,1,0,0,0,0,1,35,12,4,.1293195689930781,-.1545221614923187,1.744179576083498,-1.193334599521978,1.634659196347704,1.001547051361203,2.060232398496156
0,1,0,0,0,0,1,31,12,9,.413408299536355,.6369122757035163,.540767220561067,.9014946130417653,.2523752235267579,-.9984723559311828,2.441804846526662
0,0,0,0,0,0,1,16,11,5,.2939100704447181,1.470210078618822,-1.088108318131392,.9856647350060022,-1.218894526949354,-.3169433969429008,1.711499016146538
0,1,0,0,0,0,0,29,16,10,-1.743888136537898,-1.433418444536051,.3945301535769688,-.3915696802822892,-1.651565859319834,-.1788047118616243,2.417112154876218
1,0,0,0,0,0,1,17,11,2,-.1341258032728448,1.408895132040448,-.7161648179590738,-.496727735324575,-2.36790844397073,-.6206261069370967,1.800788785693746
0,1,0,0,0,0,1,34,13,12,.0145630620396798,-1.188090427749376,-1.294048254116259,.0766222330574811,-.3084941955730854,-.4315277372972257,1.961978448972512
0,1,0,0,0,0,1,32,12,6,-1.181944660612007,.5342937242180211,-.3792802256624637,-.6762424373057502,.4291792299435193,-1.001500200673093,2.736271202947534
0,1,0,0,0,0,1,28,16,7,.964583664042062,-.1108980204875738,-1.907584277173666,-.3391292227163985,.2006481730801988,-1.234758931353034,2.304752559475702
0,1,0,0,0,0,0,22,12,7,.9785458401276564,-.2735306203949641,.2144670694813123,-.132058290712442,-1.871326782738698,.3448681796354868,2.072548630394603
0,1,0,0,0,0,0,29,12,4,.1977222663395292,-2.066426575040003,.6460785696286557,1.687465739034882,1.813768552421629,-.1475835312843229,1.364444411546745
0,0,0,0,0,0,1,14,7,7,1.026952761212778,.6729241543713805,.4962362752176526,-1.620825981137225,-.1131745286004251,-.840960113901903,1.823684941004625
0,1,0,0,0,1,1,25,17,8,-.0081786424688494,-.4208023237227919,.6882730297484077,-.1173762662022481,.0649503973338301,1.831200576128763,1.61125653562193
0,1,0,0,0,0,0,31,16,4,-.8624815992180084,1.233453069763388,-3.449010537611445,.6700650236915835,.9967945655381962,.7194553574053818,1.448228189283817
0,1,0,0,0,0,1,30,17,9,-.4970888996659772,-1.813872819359747,1.866828137322235,1.029246204075171,-.0883631011832336,.325161990381808,2.376916545651838
0,0,0,1,0,1,0,33,14,3,-1.468863061062385,-.356836064619548,.1776461169128767,-.8297269535416335,-1.496801088363351,-.7469787316212119,2.222501234499334
0,1,0,0,0,1,1,25,12,5,-.6286598592909056,-.8498381724904427,-.2783414567594835,1.253830822070192,1.567908679231813,.5935199553417585,1.933223986121003
1,1,0,0,0,0,1,24,12,8,-.2874454841759887,-1.173991507286828,-.0202479135132048,.5539075023562174,-.4251634412303985,-.0193291345168931,1.551790618687528
0,1,0,0,0,0,0,31,12,7,-1.25201667174847,1.406819889830351,.3565490269105152,.8028278120542506,.89939745178272,-.0125804258574803,2.520902095109702
0,1,0,0,0,0,1,20,12,9,-.4862687291985816,-.0833650754943569,.2843519734249454,-.3790136847602539,.390445784872886,-.8326096902776797,2.341029902141267
1,1,0,0,0,0,0,28,11,4,.4692283394598925,-1.020046052144065,.8416939242268098,.7908742976225651,.2006427468698187,.932955759812361,1.308046326814484
0,1,0,0,0,0,1,44,16,6,-.9681327709989547,-.9328165718908451,-.3642365041950462,1.071153892487519,-.5995780463770142,-1.219767211640906,1.909104209017952
0,1,0,0,0,0,0,35,16,9,-1.430525679016556,.9006807447103892,1.235099780272942,-1.212746692349395,1.335036877555837,.493141824826734,2.128096881304183
0,1,0,0,0,0,0,37,12,6,-1.691299654373435,-.1598304986702247,.2964610046443852,1.282390577796908,-1.634899254993283,-.9781566062077842,2.384315355285075
0,1,0,0,0,0,0,24,12,3,1.008251230985954,-.6668825437159625,-.5605069966031466,1.782361205921277,.5917513657843119,.1988163560696103,2.501404995350819
0,1,0,0,0,0,1,21,12,4,-.9098953948740624,-1.785976220228946,-.1915624601259012,.7192548942596693,.353573259726375,.1915181759747485,1.413874697653057
0,1,0,0,0,0,1,26,12,10,-1.643541910421697,.2095581259515764,-.2961923882288308,.8919090018330135,.2743291211006467,1.641723190944876,2.064138321776702
0,1,0,0,0,0,1,39,16,7,.0136976923316082,.320659278256213,.2572977204201907,-1.301694186346764,-.6482430398828029,1.070170381313615,1.602611888992065
1,1,0,0,0,0,0,21,10,4,.8794098243414361,-.6546861681533425,.155739116221398,.7722623476358613,-.3888399623513715,.0314496248335277,2.05068875453176
0,1,0,0,0,0,0,35,12,10,.5028753635075555,-.3499951448914996,-.3222372029937003,1.148302843863487,-.1227945902123528,.8711246827093931,1.68887677855267
0,0,0,0,0,0,1,16,11,8,1.880776486117198,-.4804234750539435,-.3080925283791491,.6360968652582227,.0171552004794912,.0838370786241349,2.534285813329644
0,1,0,0,0,0,0,40,16,2,.708905160291009,-.8461184864784063,1.368194457115987,.123078228145121,1.598375760581131,-.3137107452510961,1.407355048478622
0,1,0,0,0,0,0,32,15,8,1.118158721902205,.6051931249949031,-1.386133813161356,2.134155192349139,-1.889828076809262,1.785148950426096,2.271987178928077
0,1,0,0,0,0,0,32,16,2,-1.385184367058014,1.053928760955306,-.3863825014185274,-1.063328664519594,-.2304014598568378,.6037021548968122,2.131066729681487
0,0,0,0,0,0,1,15,10,10,.8683053407658371,.1897483830012001,.0121587307138924,-.8925489801047778,-1.409922918739783,-2.328717667121427,2.767748620121467
0,1,0,0,0,0,0,40,17,6,-.2518193188653146,.55772975522413,1.687969081323186,-.5469462181269832,-1.138572988801149,-.9097470408009525,2.076845149124242
0,1,0,0,0,0,1,20,12,5,-.0987583909451041,1.099634640611589,-.8498982206017554,-.490213524437313,-.2857073403607653,-.9139034124446689,1.969365207925502
1,0,0,0,0,0,1,18,12,11,1.833079100416461,1.132380122346549,-.3349817726329786,-.6054968110873115,-.8149015511814356,2.169080888508262,1.962561939608898
0,1,0,0,0,0,1,28,12,2,1.447488583813269,-.5927721621778017,.8532816032850673,1.002465152403417,.4267850004310242,-1.103945559830424,2.419842682254953
0,1,0,0,0,0,0,33,16,10,-.5976807558147288,.758387041068926,-1.925382418908992,-.1312158056083284,-.682390922838489,-.1157762384028261,1.691057975149246
0,1,0,0,0,0,1,30,17,7,-.1546864646373481,.133157417170891,.9240789701071654,-.3259296805802104,.0759252948987042,1.779223822651009,1.808193316253225
0,1,0,0,0,0,0,26,12,9,-1.19747983973633,-.1562140218101466,-.3131310984029245,.9536064399056602,-.8780074489823598,-.6991655696036916,1.272578475983503
0,1,0,0,0,0,0,29,12,2,.490360581334136,.4936602148390374,1.263581330336898,1.329355534571185,1.267626759027386,-.3085633710203439,1.421901139641518
0,1,0,0,0,0,1,33,16,3,-.2173190494522289,.8996258232631487,-.4253454503973622,-1.847706886564529,.1755598739204449,.3413803705873558,1.651006913064695
0,1,0,0,0,0,1,27,17,8,-1.082324283273283,-.4296943120445949,-.3747642752957167,-.2666988432927902,.0503032591969572,-1.353196218647722,1.746041809454531
0,1,0,0,0,0,1,31,17,8,-.7354255605855222,-.3609404271346165,.3138809053790639,.5023363723747238,-.0687361352197026,.3031852382522016,2.454003134026048
0,1,0,0,0,1,1,22,12,6,-1.314823468558956,.5519794017301086,1.735637453244687,-.6073570214795719,-.5066395314617289,-.7011952932430948,2.053911057360601
1,1,0,0,0,0,1,19,12,10,-.6495663299544875,-.6794784231499728,1.193949448040065,.0717013786614053,-.0104811172759358,-.4099109482620316,1.504120256078316
0,1,0,0,0,0,1,32,16,1,-.8955432506789089,.8100624066441441,.1740057876166227,-.0622242687890025,.9921031087900862,-.4896194852555924,1.836268956582454
1,1,0,0,0,0,0,26,12,3,.1808672033346328,.6266402665245056,.2695404828039475,.7994771402669639,.1194423107736818,1.336697391079293,1.350435727887738
0,1,0,0,0,0,1,24,12,8,-1.196194918881683,-2.044627814824062,2.008100065653652,1.482294475120892,1.142868679538739,-.0345397898897512,1.486760329166262
1,0,0,0,0,0,0,27,12,9,.1881660126225714,.1192995151870362,.3710867116897572,1.353433903819603,.0210195674329484,-.4673816718978995,2.671833317056241
1,1,0,0,0,0,0,23,12,11,.8281404008405693,.2508866267340326,-1.75540693643951,-.0366613916757384,-.3243637685148054,.5845261488110904,1.598245569475839
0,1,0,0,0,0,0,34,16,6,.0003447821942836,1.015592120967926,-.1844815095432123,1.504021728552979,-1.01319260731561,.169247377418479,2.108158250247722
1,0,0,0,0,1,1,18,12,1,.7527229328868946,-1.130579105932133,-1.225452509173065,.1512779362947975,-1.035326728146242,-1.019518365617465,1.924317756500877
0,1,0,0,0,0,0,26,12,7,.3623672803658125,2.263982382164013,-.0479786203277758,-1.964533982724154,-1.038373073636231,-.3074271353904972,1.610632988003491
0,1,0,0,0,0,1,32,14,11,.3491574769440822,-.0554204769254911,.6176741136379946,-.9206030568102182,-.9079817341524823,1.315727416666964,2.105609540657198
1,0,0,0,0,0,1,30,12,9,-.0073702054849549,.1856892000219244,-.1630770693561848,1.214028821099087,.1544591826718784,-.4571304383621361,2.309863484490178
0,0,0,0,0,0,0,22,12,7,-.7154184713673015,.1962562877752875,-.2798958714186822,-.8495064933579937,-.7174078739717146,-1.023361375245528,2.041755104932911
0,1,0,0,0,0,1,22,14,3,1.058594128131521,-1.110043963215108,-1.903680771644908,-1.267925624786981,-1.161962163577214,-.1951110461977392,1.673899071566716
0,1,0,0,0,0,0,28,16,9,-1.537979346671544,-1.482073006308815,-.6205473074397572,1.069736203047396,-.8360579722164936,-.614003501544516,2.09561543179752
0,1,0,0,0,0,1,33,12,11,.6290184745194214,-.2581208917383521,-.8978286017964063,.0822295062107315,-2.2138531505771,.874693845905608,2.012795903275509
0,1,0,0,0,0,0,29,12,7,.8415162521152415,-.9130859745251791,-.7980300321714708,1.195429803625789,.4694954478436517,-.450568597078381,1.970621180207528
0,1,0,0,0,0,1,34,16,12,-1.005280206681653,-1.852594731812657,1.14985383728024,-.6586955170679901,.9512754964840791,.6898086977537139,1.528069827229913
0,0,0,0,0,0,1,20,12,8,-.3469304290931226,-.0554083589371017,-.8260331588698375,-.9160275496609015,-.1231920074650825,.6780918984144525,2.692557677897217
0,1,0,0,0,0,1,21,12,2,1.481778579038176,-.3837431678298889,2.579021515522895,-.4074038912954794,.1032562153183066,.3802713917899915,1.484205499592968
0,1,0,0,0,0,1,30,16,12,-.1227778164290636,.6001675683185831,.9873074421063054,-.1707210461000163,-1.661628344105485,.8317846090826029,1.00493129039027
0,1,0,0,0,0,1,28,17,3,-1.239176117593345,.3738778094612339,-.0342074804711349,.7777103999446345,1.42075978284357,-.168270362921769,1.614611969842526
0,1,0,0,0,0,0,26,12,3,1.011246406163236,-2.698001113941225,.5049201285402887,-.8379910131991314,.3795731127294786,-.3492136597633904,1.736394752607794
0,1,0,0,0,0,0,31,12,12,.0656725654491215,.7431316972423898,-.991871986822753,.8711204062313105,1.202285342295858,-1.27927811023308,2.04893415104456
0,1,0,0,0,0,0,24,12,12,-.4055341225144254,.1093945461767093,-.2299921104714477,-.584363515745319,.140209795340344,.0401411668878236,1.993888140313873
0,0,0,0,0,0,1,19,12,8,-.3530688501282763,-.5095078632265228,.7593297087828146,.3445413372500276,.4863443038488472,-.9087094846823319,1.591014125063321
0,1,0,0,0,0,0,21,12,12,.5190054940957589,.3890931080807908,-.084083602721028,.2776642522082283,.7203489507455368,-.2481886565792946,2.332235429828204
1,0,0,0,0,0,0,25,12,4,.549040412871428,-2.031709116411359,.0780418413838197,-.9534495675582142,.0400754634090747,-.8310074806132446,1.301221918024516
0,1,0,0,0,0,0,32,17,7,.6507758173608791,-.4844203462919408,1.740624663942594,2.980556441874546,-.6859271645296029,-1.108745509967419,1.88456102127668
0,1,0,0,0,1,1,26,16,8,1.003995524986348,-.6053125406418125,-.8692129103311507,.8037896531347698,.3083477529709702,-1.363763189057392,1.651264258779474
1,1,0,0,0,0,0,27,12,8,-.3052514577093922,-1.098944910347198,1.677603468627529,1.070796246121379,.2840814999616826,-.0947067726805236,2.03385477035079
0,0,0,1,0,0,0,23,13,6,-.5135537719606355,-.3170798830738659,.7929125138159681,-.5631144657487479,-.4022154394205643,-.4783196852682853,2.189257677324613
0,0,0,0,0,0,0,28,12,1,.0039095283896477,2.063180447765884,.6304584397090225,1.625011182471506,.0473723593708826,-1.082056397978816,1.597177889564064
0,1,0,0,0,0,0,28,12,12,-.6349724790409971,.9539840742494712,-.8448729137882973,-.3651673321816634,.3680420424133557,-1.670299043765681,2.338861858652718
0,1,0,1,0,0,1,21,15,5,.9938613391924741,-.0474765590696711,-.088954311376268,-.2005499802457958,-1.162274496988948,1.147066004254342,1.875892320785814
0,1,0,0,0,0,0,31,12,12,.7877531251513584,-.4608848914527316,-.7888066419507928,-.9229664406134004,-.7566683076077282,-.7916845519156132,2.615103443149495
1,0,0,0,0,0,1,14,8,10,-.6257830523699502,.7135482923954915,-.8925471041953587,.7198283085283312,-.953472796102295,-1.295394356826959,2.663730132709959
0,1,0,0,0,0,0,33,14,12,-1.448022219937974,-.8286149923577897,1.791000428268108,-1.065985755560382,-.9066326017037976,.4470029393996958,1.905138395872891
0,1,0,0,0,0,0,32,12,8,-1.727098669088726,-.3058362370541986,-.8964699548768061,-1.574057034988898,-.8099159217583708,-.8896384303053699,1.739046078980116
1,0,0,0,0,0,1,29,17,7,-.0202601950353034,.6826043744058803,2.290845996072267,-.1896294431231186,.8180308743413762,.4629081860284209,2.052867142662523
0,1,0,0,0,0,1,27,12,9,-1.212908684962512,-1.596607046605309,.9288994983936149,.0469316288745149,.935047673989775,1.071221689094298,1.979487626860171
1,1,0,0,0,0,1,29,12,1,.2074538343937393,.4699464287980429,.6204703596061347,.019218181607327,.6411069018586717,-1.493265666421609,2.131325915441713
0,0,0,0,0,0,0,28,11,8,-.4020691092043092,.7385205713154298,-1.379815836790176,-.1185634977478656,.017306397315842,.7026066960559028,2.536912868480542
0,1,0,0,0,0,1,21,8,9,-1.42334035877369,1.91612150082737,-.0129584865601295,1.478293499222195,.2257242192949442,-.9560653711663555,1.233657706880558
1,0,0,0,0,0,1,20,12,4,-.7822064292219908,.9574323416510252,.1756078657958707,.6415495184589366,.4081154053698358,-.07631312676914,2.498248973592119
0,0,0,0,0,0,1,17,12,5,-.2702725116111211,-.7022226955786781,-.2978264603370869,-.3641598795735347,-.6264273333427641,.9449044118394304,2.09009275778425
1,1,0,0,0,0,0,40,12,4,1.895584273317678,-1.874039491495929,-.0806821865594953,-.8313902978343239,1.201357789752326,-1.8665166249609,2.433497768969947
1,0,0,0,0,0,0,27,12,9,-1.55894622224024,-.1588947833829368,.2245684241685761,.430820878961757,-.6423187582071782,.173776491152292,2.578608809331152
0,1,0,0,0,0,0,23,12,12,-.7458883306436256,-.8151951317425613,-.5090757626050221,1.479940473459062,.4683164750126063,-.0747440931454569,2.37928169913219
0,1,0,0,0,0,1,29,12,11,-.1663832741817342,.2844052261998306,-.7482734403960426,-.6407552133127773,-.110344586582368,-2.641442435312491,1.584774582973432
1,0,0,0,0,0,1,38,13,6,-.2183086318775478,-.0568951777514967,-.7312878200424896,.3673170808628771,.5972261981241005,-.7090149716204269,1.225698310433053
0,1,0,0,0,0,1,24,12,3,-.1566203789391369,.2941920463389192,-1.606843178142914,-.7456494434791542,-1.2986853059768,-1.142525846554232,2.281367941429015
0,0,0,0,0,0,1,20,12,1,.111133147813673,-1.002355530680322,-.7799158754518492,-.9438146124508913,.5412918162004432,-1.621137433350286,1.584505614487038
0,0,0,0,0,0,0,22,12,8,2.731456739652832,-.4094314213913639,.5655288099899188,.3035396411521278,-1.005250708800692,-1.688704568625496,1.670753568370801
0,1,0,0,0,0,0,28,14,12,1.416784416405116,3.167445134745146,-.8155841355336083,-.3541448605255098,.358310784177258,1.261372689013458,1.767709995696678
0,1,0,0,0,0,0,30,16,12,.7115911862472115,-.8892227011626712,.2571163249448707,-1.03643255481072,.4987779423509665,-1.162716690530515,1.594668118218044
1,0,0,0,0,0,0,28,12,8,.7822008703884017,.0160431436712345,.0473813379497486,.1137053485949294,.1356170549374875,-.5989810786188832,2.311109376143645
1,0,0,0,0,0,1,26,14,12,1.439621122285156,.1192833472079653,-.3287441376753106,.4569393922050186,-1.202962985944123,-.29765367253264,1.73723945942796
0,1,0,0,0,0,0,30,16,3,-.288452069858623,-.643961133931486,1.707044793796897,-.3999752350632577,.3509216129484358,.3564821096741158,2.660598309164141
0,1,0,0,0,0,1,25,14,11,-.6434774248279142,-.2823938175972578,-1.428697142119666,-1.334132216810341,1.092578203001624,-.1984025595629408,2.789908140301204
0,0,0,0,0,0,0,19,12,10,1.362739412976533,.0676661498623168,-.0031326642951842,-.3791559399026775,-.4521567796226205,-.7731242919755011,1.705746988751124
0,0,0,1,0,0,1,18,12,2,-.2132389917029345,.7019555298072784,-.978742425370269,-.4754776105286021,-1.216068253265935,-1.339792295609377,2.341226178285941
0,1,0,0,0,0,1,28,16,11,-.9018806391746436,-1.111137058766218,1.506181558479415,.3989140108694383,-1.614607038654944,-1.086588517444918,1.487170145804806
0,1,0,0,0,0,0,33,16,4,-1.348504537676827,.7448124218569066,2.506434406202864,-.3971488148147629,-.3074021270184271,-1.351861658525778,2.537459806599672
0,0,0,0,0,0,1,21,12,7,-.1515297102694174,.2172602438315986,.2767826504157656,-1.617122736981439,.6183416228256252,1.383448037151829,2.091517420489539
0,0,0,0,0,0,0,36,12,11,-1.123086733556351,1.411467634999114,-1.292565191382172,1.208140341497903,1.69322767925213,1.036122847663478,1.167674225818573
1,0,0,0,0,0,1,18,12,11,.0348663429250867,-.67156232445233,-.7492508046993426,1.176640958043843,.4328762352456458,1.013341757973592,2.213874189793723
1,1,0,0,0,0,1,25,12,12,.2422619533795581,-.0794100471447046,-1.63310554490738,1.70952014497493,.4443024534119668,.1696048271038321,1.633309424430981
0,1,0,0,0,0,1,21,12,8,-.3021995762682008,-.9022150673962913,-1.61157024924186,.141282492807882,.5266430538708703,.7404164702566237,2.457726850035835
0,0,0,0,0,0,0,36,11,4,-1.686484391102562,.7616693329322011,.1353162451402071,-1.353120899941694,1.118708420456353,-.7574343976978233,1.4381037938674
0,1,0,0,0,0,1,23,12,11,.1737828788191875,1.668233829519868,.6043838255057483,.2131930992425258,-1.109077916146073,-.093546787111611,1.470522274202242
0,1,0,0,0,0,0,25,14,11,-1.212780375790426,-.8437170591084862,.1744720206794701,.5039523158531912,1.046523734629117,.8502265413509755,1.548985197383689
0,0,0,0,0,0,1,18,12,7,-.3403956329637587,-1.033731434574813,-.1880659221191725,-.0630821173124116,1.005505990770202,-.5808769152304079,1.551094745788011
0,1,0,0,0,0,0,35,17,12,.9207453331927407,.1263142691385667,.0739330889270871,1.629732716218726,.6520299140448612,.8015093819499366,2.54835993879268
0,1,0,0,0,0,1,23,16,9,-1.507752661852705,-.133292888884407,-.8501372909598647,-.1360870977241029,-.2260083989584092,-1.815412898314361,1.984027178961744
1,0,0,0,0,0,0,18,12,10,-.9199570499251698,-.7796457352394587,-.1463018887524302,-1.625713850537254,-.3240922324098576,-1.65598080514187,1.721288818295921
0,1,0,0,0,0,0,26,12,6,1.04808332169245,.125574603037646,-.0351004030435891,.2158092741518238,.7986490001992,-1.321973222392605,2.271008840028497
1,0,0,0,0,0,1,23,12,10,.0683309735543959,-.7667271326950037,1.000686246888447,1.103512904834417,-.851433237994473,-.6737431782733878,2.066789205587277
1,0,0,0,0,0,1,24,12,3,1.126981159719306,1.773298710805125,-3.263871197862719,.0197980275101295,.6470563179825395,.7150520841038942,1.818218331100233
1,0,0,0,0,0,0,23,7,10,-1.153032109491483,-.1878045800672391,.7437296188898634,-1.166230799346119,-.9846403930875141,1.319139828219183,2.324485832001702
1,1,0,0,0,1,0,34,12,11,.2531269132646974,-.2753927788334908,.3595505343492891,.6725084482278042,.0196039355744133,1.445383523396955,2.411301916381855
0,1,0,0,0,0,1,29,16,9,-.7584486142650382,-1.103574681977939,.7764946573129128,.9167754725126314,-.9055993655797269,-.405558571797394,2.169543518452335
0,1,0,0,0,0,0,24,12,5,-1.232419465873858,1.541382338316158,.9086410205462002,.7714137322886239,-1.123874693729145,-.9662908655447232,2.06690677038082
0,1,0,0,0,0,0,29,14,6,.8842433130167214,-1.571121161101536,1.218615988651412,-2.726709237736046,-.8470323095344814,1.882022578536718,1.418593209828087
0,0,0,0,0,0,1,15,8,1,1.532014067019391,.5776309287114055,.0809466811132088,.9126123850904609,-.3383416752990668,-1.228642405224185,1.952118953875347
0,1,0,0,0,0,0,31,16,10,-.3244665908362152,.3857635847168561,.7983551483663182,.8816805667204585,-.2720079595298042,.4656760611481842,1.245810673834739
1,0,0,0,0,0,0,34,14,9,-2.045875428610605,-.5398435105954256,-1.264298962188808,1.180089543722343,.7897703304712751,.8148509569229538,2.307433153205214
0,0,0,0,0,0,1,18,11,10,-1.025286841695646,-.3930227996680947,-.326475229121531,-4.27425382706493,-.0865704564953897,-.0695236906665739,1.475418549203549
0,0,0,0,0,0,1,17,9,5,-.722755033983268,-.255194129300327,-1.046162874655132,.8855863084932898,1.143144585524771,-1.557803082769762,1.663944699446487
0,1,0,0,0,0,0,27,15,12,.7600995740116254,1.161413957525772,-.2007173152922392,-.4740351127974515,-1.035550839037801,2.556069818226555,2.560097106099131
0,1,0,0,0,0,0,28,16,5,.1942122065119222,-.172333846002798,.8932839898525229,-2.378898760555852,.2033329027270927,1.185991371030731,2.187441303249837
0,1,0,0,0,0,0,31,12,4,-.1047375634605328,-.3972538850630616,-.5390954890149171,-.6426947735331248,-.1245295456916061,-.2415065646635866,1.605134758093284
0,1,0,0,0,0,0,22,13,5,-.2369010549282044,.8589887324300635,-.1572453914497324,-.2862297365012705,2.035190710549518,.756610027189537,1.971758865797089
0,1,0,0,0,0,0,40,8,4,-.1770756294150279,-.311034472242696,.8229145775309512,1.039312442912996,-2.439672561259948,-.4074853829581143,1.961284730822021
0,1,0,0,0,0,0,30,16,3,.5082715285994596,-.6495762474939865,2.326260229066,.8324153238422692,-1.13776223548787,-.1129950131453719,1.982380080772968
0,1,0,0,0,0,0,28,12,12,-.1660780763517497,-1.188093998054548,.297376691286326,-2.33653172718045,-.979793515462086,.4884518373016134,1.732285914822958
0,1,0,0,0,1,0,33,12,12,-.5844208381333464,1.388616515918047,2.040708711528573,.1662389545349172,-.8058395761326546,-.9660296255591179,1.732130234325113
0,1,0,0,0,0,1,30,12,9,-.4605106905372643,-.5737683192871034,1.748273257140385,-.5869679865285299,-.736713748398488,.0722210777330531,1.77615256693295
0,1,0,0,0,1,1,29,16,8,-1.065327915552042,-.3941822818760049,1.048292300222578,1.165973483945313,1.177918062566002,.3439130393407872,1.785414482297707
1,1,0,0,0,0,1,20,12,6,-.2742992479812231,-1.2317311231723,-.8149768659435308,-.0024418161171288,-.73972480710074,1.79545244273223,1.719764572734207
1,0,0,0,0,0,1,27,12,12,.6623411281262985,-.4353206763214741,.3690214060693471,-.0052689615784613,-.9522992703154549,.4381587563975972,2.449188871833102
0,1,0,0,0,0,0,25,12,6,-1.438702574865942,1.672052076868027,.2805193397110151,-.7812772132436757,-.4496624255311396,.4421517026731723,2.161960797076492
0,1,0,0,0,0,1,21,15,4,1.730751400359147,.8165069469969667,.4968621443612062,-.2845519201027205,1.088583560778333,-.0141255323068325,2.585021736410806
0,1,0,0,0,0,1,35,17,4,-.1985881170911439,.7648632464992136,-.5585545788675517,-.6062158123212987,-1.401272781483932,-1.576557734056777,1.672167672654854
0,1,0,0,0,1,0,31,16,5,1.217440758101461,-1.333735159951955,.539016290399591,-1.18617950337649,.8185038400429409,1.607697109222193,1.173982834546012
0,0,0,0,0,0,1,19,12,11,.0721938141380053,-1.019071448271753,-.0499953406884228,-.0804931682860387,.2728622683080452,.0292848820821247,1.449751574493144
0,0,0,0,0,0,0,18,11,7,.9204131657912482,-1.601421997755668,1.105070900653116,-.2552018097027009,-1.493590008153317,.355997970408479,2.778761895314626
1,1,0,0,0,0,0,24,10,3,-.0652264310839746,1.09242187414166,-.3136981213169727,-.9151071607134061,-.63867143635449,-.1997164419241904,1.878411420552228
1,0,0,0,0,0,0,20,10,3,.0634828732622403,.1803430655874548,.2435742780308935,.1006692062794403,.6049160632915062,-1.761094847971398,2.371266415536636
0,1,0,0,0,0,0,34,17,2,-.0967725561749089,-.6809443444234957,.0917424923646511,.1811668051004839,.0732779374995734,-.0793896506123635,1.675190462208399
0,1,0,0,0,0,0,30,12,3,-.66676257341057,1.69945467436268,-.186906846230138,.6625552651406851,-1.224669182013206,1.400504840166286,1.963632145877265
0,0,0,0,0,0,1,17,12,4,-.809741745037768,.6321226427014273,-.4564384524743533,1.051420953782713,.3011638150574993,-.5124633639967536,2.156106575957928
1,0,0,0,0,0,1,29,12,6,.4709779534962877,1.091851096604491,.7351752535519008,-.493719263237959,-.2745925956995821,.2766196424089027,1.90466098503392
0,1,0,0,0,0,1,20,12,3,-1.306317532514545,-1.64432637445023,.241286644805439,.5541130430878841,1.42785485579047,-.0261445111656018,1.762093348343631
0,0,0,0,0,0,1,24,14,11,.4795818326294065,.5185889033534621,-.0326746340412299,-.3346561720911372,-1.374036818389604,1.243788267028288,2.642626664930543
0,1,0,0,0,0,0,36,16,6,-.6281140762954932,1.368455000513329,-.2207017002973147,-1.072324188918153,-.8299567776645006,.3225373676186874,1.914525852668641
0,1,0,0,0,0,0,28,13,5,.7142128371358381,.3274153923331322,-.5848669402185482,1.420763013110681,1.48718575028177,.0465343576838445,1.763235204396896
0,1,0,0,0,0,0,26,14,6,1.007475237056204,.4667607887768182,1.123127990869382,.1993944278089675,-.5282568413649273,.8572461630167644,2.380686461112743
0,0,0,0,0,0,0,22,12,12,1.105085477874466,.7888235413052709,.3738716815791269,1.572389699189167,-.9712984806037481,.6453411155091716,1.821405470751693
1,0,0,0,0,0,1,24,11,12,.2450153908926877,-.2074532466928744,.09175093366228,2.625464999650133,.5177353014876996,-.7878771154698079,2.034578652497457
1,0,0,0,0,0,1,18,12,6,1.737115969253503,-1.147039355670568,-.0361485652756952,-.5047024331040022,1.233912314763067,-.5938582021497147,2.045494010784382
0,1,0,0,0,0,1,24,12,1,-1.32224413865055,-1.628579865949999,.4555343479716596,-.3475481467136685,-.0447111697737888,-1.583396270829563,2.168461813094937
1,1,0,0,0,0,1,21,12,3,-1.818109557125887,-.272829934069207,1.063431456831841,-1.00319776511446,-1.612990407196403,.0589857499605764,1.69431504357003
0,1,0,0,0,0,1,28,12,5,.6891825045100286,.1570392510824041,.9354006738783096,.6082120212103551,.5837167186219044,-1.916976848332358,1.699210853775286
0,1,0,0,0,0,1,37,16,7,-1.055284103747858,.9745356821325979,-.8924638714602593,.2962055051294565,-.0887532329125668,.1906763015554235,2.573345011962092
1,1,0,0,0,0,0,36,12,6,.5906838513495549,-1.255542659005642,.7168660685035967,-1.023484537427382,.3339422548667077,-.041605269567277,1.509917450612345
0,1,0,0,0,0,0,37,12,1,1.088758500158259,1.492400738525392,.046766772017729,.3754168721552774,-2.500949655870004,-.6986501226891461,2.614842807128836
0,1,0,0,0,0,0,31,17,10,-.6108689924033897,.194291971470572,.3497366963619413,-.9982512956234981,-.5664541862167336,-1.392120697762068,1.825273437068391
0,1,0,0,0,0,0,29,12,6,-1.280037676317907,.7275806165396945,.6838496497709181,.6400173280343323,1.663279198395215,1.341578839112798,1.884187757722731
0,1,0,0,0,0,1,22,12,1,1.234499877555989,.3059636506769811,-.2430682849316658,.7932867248653504,-.2627281268074935,-.9994141784647602,1.769348164401079
0,1,0,0,0,0,0,27,12,4,1.513653893902544,2.187198512674766,.2210192627976172,1.20203570800075,.837078777494471,.1719170361721615,2.084027376709188
0,1,0,0,0,0,0,28,9,3,-.242422086381602,-1.618136663935697,-.1845508647538069,.9587762413359142,-.4876538816306769,-.5791822548195751,1.38757758694525
0,1,0,0,0,0,0,31,16,1,.0743706867115401,.5421763861627035,1.102933460110561,-.9564612831144261,-.8196057687078241,.3908110553804413,2.356151516306969
0,1,0,0,0,0,1,26,14,6,-.2871219533212596,1.059607289171519,-1.371191638080475,.9772939858998698,-.9391077322869386,1.121544676560467,2.00932726146673
0,1,0,0,0,0,1,31,17,2,.5629031546222377,.8496557813072106,1.512118650858843,.7345242126670036,.4943221350695656,.0953021594252264,2.058464254839723
0,1,0,0,0,0,0,26,12,1,-.2322411390647404,1.471248110647026,.4944860331948975,-.0843051264473721,-.8050375994421782,-2.16510426729526,1.715413290113493
0,1,0,0,0,0,0,30,12,6,-.5482821779830045,-.1640139378605076,-1.832637192413406,-.0956458868068159,-.2888334045211396,1.150047102187934,1.918679994174316
0,0,0,1,0,0,1,16,9,6,-1.97370659588693,-1.057613012773747,.4804347714427087,-.5675934594827482,-1.370080076339502,2.161005343055318,1.911164700711476
0,1,0,0,0,1,1,28,16,9,.0706390749223389,.9448761494539065,-1.092837830522388,-.1587434822262887,-1.513727139367355,-.7982955065122611,2.183862808071379
0,1,0,0,0,0,1,29,16,1,1.608237793803702,-.8556984391488823,-.9068678304698074,-.8238382091847916,-.1118566452861168,-1.574081497316155,3.236642039770814
1,0,0,0,0,0,0,29,10,3,1.635556926274895,.7831841183879298,2.481704899579103,1.474784896380925,1.714553928216298,1.129431234719589,1.514694898586055
0,1,0,0,0,0,0,24,12,3,.9259190138585219,-.3156296453002676,-.9254386787156294,.556699799901766,-.3570585138624809,.196908340014589,1.220479414489958
0,0,0,0,0,0,0,28,14,2,1.865653834136776,.7263517534717211,-.2129211676134176,-.3360505949691003,-.2093203675237778,1.340068377022903,2.259920850763752
0,0,0,0,0,0,0,30,13,12,.1304031267986363,-1.124294135061599,-1.091332536702398,.2253821310786441,-1.273288689936279,.6921986341464822,2.041884684787805
0,1,0,0,0,0,0,30,14,1,-.6447421813542433,-1.311994584186709,-.70448806194525,-.5226769104820844,-.9719745937635493,.4968630022648506,1.43575098789182
1,1,0,0,0,0,0,31,12,11,.4203657583756174,-1.149562065815655,-.8177520348759858,-2.332126048947066,2.096101348950775,1.161702638030054,2.075068889624594
0,1,0,0,0,0,0,27,13,4,-.4930545159081105,-.8500756512189759,-.7008985531559149,-1.586657598436615,1.83791328061192,-.339999229971338,1.647599956554168
0,0,0,0,0,0,1,21,12,8,.5828620133509824,.8183104474950329,1.414143138919879,.1743162853456717,-.2260564928591024,-.8042181545146666,1.858112563873412
0,1,0,0,0,0,0,34,17,5,.2803238947478127,-1.000003460940387,-.6967106127743792,-.1968843661582679,-1.79544960228026,-.2903210528418273,1.616173935368559
0,1,0,0,0,0,1,25,12,12,-1.424100435254792,-.5868478553278076,.4263181936471394,-.9890705450217994,-.5075649010365277,-.5984852729983594,1.721022727010446
0,0,0,0,0,0,0,20,12,2,.3203640751398812,-.7021311549411446,.0281271981702317,.876208119059426,-2.481157502030047,-1.749951075622954,2.133734824054601
0,0,0,0,0,0,1,16,10,12,.5966098493635353,.6933576634606765,-.3870060374315449,.4707430324686475,.9456492109521686,.5967381642557205,1.798913263146499
1,1,0,0,0,0,0,25,12,2,-.0306172655737744,-.2923209671825895,-.7930959846084812,.3696778619509272,-1.278407893752594,1.108774041443434,2.314486382255287
0,0,0,0,0,0,1,30,12,11,-.9851355188893614,.2085451233526094,-.548112777866918,.9695401779988251,.4317566433149327,-1.909725747408181,2.409579541718908
0,1,0,0,0,0,0,27,12,6,.4617025228286991,-.0467255989979623,.6703911400258056,.5919187110766644,2.198901048441234,-.3979437676602313,2.049218424882479
0,0,0,0,0,0,1,18,13,7,-.7635857121587057,-1.45460608018435,1.530365602009023,.0666845046997844,.3615162250749098,1.364477335942346,2.330457616161207
0,0,0,0,0,0,0,24,12,8,.0758025049841052,-.9315893084551551,-.3303272521617885,1.147715166931314,.0518704344775891,1.355793751376335,1.355203359747437
0,0,0,0,0,0,1,16,11,5,.2872974577499776,3.193000372051217,-.3932065715581067,.9974063185047201,-2.280806235877176,.0127983771662694,1.684953325006193
0,1,0,0,0,0,1,24,12,5,-.0115692978917198,-.3614553214761235,.0862780106068677,-.7535795427454973,.1953769261705977,.3505935118775467,2.238978778907274
1,1,0,0,0,0,1,28,14,5,-.1500906024921321,.7959870882180743,1.330981025603988,.6926221082724449,-.7154873989199175,.0039630898643181,1.370089146568062
1,0,0,0,0,0,0,22,11,7,1.664335253321735,-.8777154138108126,-1.206671074999357,-.0133058935757691,1.363669561074299,.2574466184679808,1.629536201390508
0,0,0,0,0,0,1,22,16,5,1.547282551210737,1.864601348144824,-.1946522287154738,-.7995640456178487,.8393093692595754,2.066456336350099,2.034239221947606
0,0,0,0,0,0,0,22,11,2,.1470701603966222,-.2779886796820587,.7555066736791795,-.3787252336024772,.2845771315264203,-.259357014760522,2.4467547637971
1,1,0,0,0,0,0,34,14,4,.1235722949741991,1.788345613722005,-1.13333635692684,-.5792563596520796,.5368028924661479,-1.243703596204688,2.501615672043521
0,1,0,0,0,0,0,34,17,6,.3556101202796981,-1.972237746892139,-.6452160058568072,.4732067610475239,-.3305942082648797,.3065810364737415,1.195909908163075
0,1,0,0,0,0,0,37,17,3,.0643137148241688,-.7790697881075593,-.9962792404789364,1.109017605821338,.035277755451958,-1.39172296746363,1.544388973843223
0,1,0,0,0,0,1,24,12,8,-.0257435231657058,.73932132664131,-.9777250439348801,-1.054252737562021,.0384365542139911,.0984328225465425,2.199590288170611
0,1,0,0,0,0,0,24,12,6,.7952309607198702,.3526034652580881,1.493891806666812,.7814836495135201,-.0150475253716292,-.6590201389841156,1.25902744408122
0,1,0,0,0,0,1,21,12,11,-1.115304681351608,1.198838150390292,-2.216601043869873,1.259935385873811,-.0928103737046615,-1.301783687837853,2.382067415549842
0,1,0,0,0,0,0,31,12,6,-.9509644709313327,-.2416680706633425,.2402464346494692,-1.723124626361719,-1.058753873289785,.7154766533097877,1.873441596801752
1,1,0,0,0,0,0,28,12,1,-.9183669621738158,1.175446287573585,.7593252755812094,.4617220503204724,-1.402613560698843,.3233913864577954,1.927587376625773
0,1,0,0,0,0,1,30,16,8,.4560925846855483,-1.305535374332038,1.335618144714264,.3541040027435872,1.481924226082496,.6480410149438837,1.817199127874467
0,0,0,0,0,0,0,31,12,8,-.3172510162569952,.7974429256271504,.2852576366348112,.4345469771464487,.1520293594861636,1.662744742191254,2.466547534012292
1,0,0,0,0,0,1,19,12,1,-.6704772002585443,2.365585976459059,-.7088612219315774,.8235654012964748,-.224556421494277,.6963484572942589,2.253308088422408
1,0,0,0,0,0,1,25,12,11,.3203094670448502,-1.616753172818994,-1.498975610499475,.2578920945120405,-.4536152995551975,-.7074247181831409,1.887931555589335
0,0,0,0,0,0,1,20,10,7,.6677087364895675,1.05914939742844,1.402350179449353,-.2276222830297146,-.8929559903859129,-.9176500660851561,2.283170648975583
0,0,0,0,0,0,1,19,11,9,1.99944720900909,.207537156460042,-1.326230846321606,-.3495046181091996,.7327366745368052,.4472849275661465,1.761112120827087
0,1,0,0,0,0,0,34,12,6,.1065741329377581,1.459457896430792,-.5195627329736199,-.5335146962571088,1.528801349685679,.1691569679211286,1.441291160591345
0,1,0,0,0,0,1,17,11,12,.3236984479630153,.5669842738952137,-.8300884316862383,-2.292157441626646,-1.155982495605713,-.7653245106110459,2.076799832923761
1,1,0,0,0,0,1,30,16,11,-2.897363984916543,.2131783009990361,-.0180538128987367,-.074172806099024,-.4057818973291633,-.584726577262788,1.76042251375152
0,1,0,0,0,0,0,29,16,2,-.9513982850717264,.8575195538622151,-.5340076992532058,-.3882235658199589,1.24030840253828,-1.354894226720967,1.615262718866964
0,1,0,0,0,0,0,22,12,9,-.9548986607767748,1.01834996483124,-.5821174998414929,-.0227069158105285,-.1224632657811965,-.3210187661849294,1.20713078676648
0,0,0,0,0,0,1,27,14,3,-.687152243157509,.3796537739184174,1.667210381671541,-1.191178897684887,-1.269479838370289,1.310656091271734,2.414169084841271
0,1,0,0,0,0,1,27,16,9,-.7031143305794849,-.2027005873143289,-.2092653067784627,-.625384720342792,.7909497163292703,.4400239477017128,2.104339273668716
1,1,0,0,0,0,0,31,13,6,.100091889985875,.5571743669168785,1.405587020684087,1.722382485584493,.5472618197614727,-.941669274155885,2.055908230493758
1,1,0,0,0,0,0,30,12,1,-1.198206145477497,1.036943225076036,-.7339447214126293,2.702852047801669,.1204973835665314,-.9920015655351824,2.205529269989398
0,1,0,0,0,0,0,24,12,1,1.478253602018498,-.685805858194784,-.4111655767537158,.6757876569564325,.6714345089930107,-1.190703675383913,1.835721079409745
0,1,0,0,0,0,1,25,15,9,-.208227429138577,-.4218959962849042,-.1946626577945812,.5689081402325338,1.536484055888446,.689314565475312,1.550100065682123
1,1,0,0,0,0,0,35,12,7,-1.181714194601942,-.2202984438782606,.5645200868443961,.2687017365611473,-.0660821230365453,-.5244926638217778,1.859825271404638
0,0,0,0,0,0,1,20,12,1,1.077222031543882,1.131565414830413,2.062001147182663,-.1994621222186139,.2523473562197354,-.7696509466296612,1.706106809232635
1,0,0,0,0,0,0,24,12,12,.1168077202088255,-1.119206495779794,-.2698982133880112,1.423073930738643,.727165539298319,-.2475814597401343,1.923178174589706
0,0,0,0,0,0,1,19,12,8,-1.964729668584218,.6325586343043982,-.9027917749842768,-2.220952605242193,-.1222259302438676,-.4363212831943834,2.424667926558445
0,1,0,0,0,0,1,21,12,11,-.0965359036865594,1.005697349537804,-.718866522138831,.3763249792021504,.2334074708629443,.0128856723662165,2.275851229484566
0,1,0,0,0,0,0,32,16,9,-.3056317273491544,1.280029235662021,.0291637600144637,-.8746600986628452,1.764655741656907,-.769050686192151,2.320825384464177
0,0,0,0,0,0,0,35,12,11,-.4177128332534811,.0819446155210778,-1.672905494071236,-.7167540689688673,1.013438590953933,.4052671191257101,1.915399736465463
0,1,0,0,0,0,0,19,12,12,.5030556859593518,.4720835867729614,-1.063936379653069,-1.070638577603673,-3.166161947502462,1.206436465159633,2.057940535735725
0,1,0,0,0,0,1,24,15,6,-.2759237353747978,.7791304216666374,.1861838268542653,-.4974263311145649,-.0948466291436112,.6965905011216402,1.953971667641367
0,1,0,0,0,0,1,27,14,5,-.3894616494847877,-.3941843115741301,-2.476972771875235,-.583377387990407,.6832676445889475,-1.90025071983752,1.735957670309026
0,1,0,0,0,0,1,28,12,6,-.7543452846611404,-.08047638184208,.663821040185796,-.3035766151340652,.061772968715437,.6991070971226713,1.298570840675001
0,1,0,0,0,0,1,21,16,6,1.251017508528715,.7654192360409575,.7717243297490647,1.867326055020842,-.8067080585980789,2.028355109277625,1.953242305272972
0,0,0,0,0,0,1,15,9,6,1.909125040798838,.886257480893655,-1.097088377677918,-.0796485683008404,-.8726357137740957,.2413785799374904,1.511382279217777
0,1,0,0,0,0,1,24,12,11,.1932372166073766,.5224249833609928,-.9877546732025995,.2802611439071155,.9018303716735457,2.050821997203656,1.781996368904691
0,1,0,0,0,0,0,27,14,7,-1.037401364200081,.00130649290255,.3395953279264144,1.123478099396936,-1.207168474400794,-.065923639356342,2.231541526222636
0,1,0,0,0,0,0,35,14,5,-1.017912104757595,-.6092581031448257,1.077791566165899,-.5484415471987021,.4011726121109405,-2.58417937575401,1.905207842165624
0,1,0,0,0,0,0,28,12,7,.5428713649769413,-1.411320320339553,.5186974399003348,-.0160938210729574,-.2243936935115461,-.9387069864636963,2.726207357571033
0,0,0,0,0,0,1,18,12,3,.543350400241237,.9727640599326055,-.093422840955196,-.1428736480910351,.1767979248226774,.6725932014674581,1.526241168715824
0,0,0,0,0,0,1,21,14,1,.3995385181512646,-.9458785123873339,1.210534056231861,.5675533987469175,-.5595924643802316,-1.14708530284713,1.21297466488325
1,0,0,0,0,0,1,23,12,7,.1524229722647698,-.5388452687681445,.6225715408025744,.1073462791060105,-1.140809192057332,2.668547083737084,1.764963857360103
0,1,0,0,0,0,1,29,15,4,-.5774989985379958,-1.582115128434815,-.4033810881127268,.5071958448488055,.2858598915697178,1.10148322611742,1.087399973932263
0,1,0,0,0,0,0,23,12,12,-1.402420042626911,-1.193527332209286,-1.497681306392067,1.08661836355141,-1.013750678859452,1.88735839794947,1.173891541450616
0,1,0,0,0,0,0,26,16,9,.8725155215915428,-.2918994270285637,-.1021578439953822,-1.365740734551969,.5767721700823826,-1.091551236779407,2.331850608476215
0,1,0,0,0,0,0,28,16,3,-.7923732052453433,.227020106051084,-1.479653889830164,.0641636691575162,.0674972039187338,-.9154844220597183,1.789303765791319
0,0,0,0,0,0,1,17,11,11,.6765954228579957,.6849779018714771,-.2975201985898771,-1.318123943716002,.6025429402767409,.2227384537906317,2.512698202027942
0,1,0,0,0,0,0,33,15,10,.5687013602162494,.8444505285270716,-.3208203279143315,-1.920483544347875,.4643554319336076,.6618078996411816,1.600730699252591
0,1,0,0,0,0,1,25,12,7,-1.020282712289655,-.4627612439918687,.2868051810575334,-.5877713693698299,.1655628611441901,-1.091518588586516,2.319234024759889
0,1,0,0,0,0,1,25,14,9,-1.095600609510768,2.290300735518611,.0473513216930228,-.5532407859468727,.1520423856687737,-.0039253030495862,2.200327761639834
0,0,0,1,0,1,0,19,11,7,1.532075751346383,-.2716411836406629,-.6235570771443424,1.519784685998429,-.5216743992742867,.2451088805527749,1.7413950857891
0,1,0,0,0,0,1,30,17,8,.0999206877619126,.493909728703321,-.9212555327830583,-.0786042686007187,.6556430496215936,-1.31613346865927,2.223897091879811
0,1,0,0,0,0,0,33,15,11,-.0900395202492697,.0610822327513841,-.728703380827912,-.5386489161400287,.0614056235248024,-.1684212652914625,2.720612465571792
1,0,0,0,0,0,1,19,13,11,1.493049317318379,-.3891280301487477,1.47378314749842,.9447951826838402,.9862499410883183,-.2244102365771132,2.00438025189568
0,1,0,0,0,0,0,34,12,10,.5784154338303753,-.8720353957137648,-.2127005243316521,-1.628753642585793,-1.268988219816277,.8438341872228173,2.267823594506739
0,1,0,0,0,0,0,30,14,3,-.5123921501510231,.1418265630904253,-.3198329387646842,-1.174940866130123,-.8041860436477952,.2350985111902819,1.798599620809693
1,0,0,0,0,0,0,24,12,11,.563099017706708,-.2946691467533352,-1.041798775418487,-.0773304719652223,-.8367122574770164,.8209403630605534,1.715346488239315
0,1,0,0,0,0,1,27,16,7,.2399586015063738,.804803685224124,.678130472874739,-2.265476084343991,-1.255364077172793,.8950057113891577,1.841759667097271
0,1,0,0,0,0,1,25,16,6,-.4247678079376987,.3442313950319311,-1.237745978205282,-.0088321932503869,.7395184294135117,.4664022749824793,1.854488534251014
0,0,0,0,0,0,1,22,12,7,-1.306669090504419,.2180726225482989,-.1219581722929714,.383486931717878,-.3347953159211486,-.0964696229165098,2.05924736107694
0,1,0,0,0,0,1,24,12,7,.3452122001869665,1.271292248718486,-1.260524951451541,.6456462181980125,-.9559795388023754,-.416817334196283,2.07323373706116
1,0,0,0,0,0,0,28,12,11,.3810814787415291,-1.965876785649643,1.24528683905722,.3157048940738552,-.7225803247331852,.7338652657302786,2.372683660637192
